Workbook

Sheet Summary & Tables
B2: LIBRALINK: SYSTEM EVALUATION SUMMARY (ISO/IEC 25010)
B3: Descriptive Statistical Results (Weighted Mean & Acceptability Levels)
B5: Table 1: Four-Point Likert Scale and Interpretation Criteria
B6: Scale Weight | C6: Score Interval | D6: Qualitative Interpretation | E6: System Acceptability Level
B7: 4 | C7: 3.26 - 4.00 | D7: Strongly Agree | E7: Highly Acceptable
B8: 3 | C8: 2.51 - 3.25 | D8: Agree | E8: Acceptable
B9: 2 | C9: 1.76 - 2.50 | D9: Disagree | E9: Moderately Acceptable
B10: 1 | C10: 1.00 - 1.75 | D10: Strongly Disagree | E10: Not Acceptable
B12: Table 2: Demographic Distribution of Respondents (N = 64)
B13: Respondent Category / Level | C13: Guagua National College | D13: Santa Rita College | E13: Total (f) | F13: Percentage (%)
B14: College Students | C14: 10 | D14: 10 | E14: =C14+D14 | F14: =(E14/$E$18)*100
B15: Senior High School Students | C15: 10 | D15: 10 | E15: =C15+D15 | F15: =(E15/$E$18)*100
B16: Junior High School Students | C16: 10 | D16: 10 | E16: =C16+D16 | F16: =(E16/$E$18)*100
B17: Librarians / Library Staff | C17: 2 | D17: 2 | E17: =C17+D17 | F17: =(E17/$E$18)*100
B18: TOTAL | C18: =SUM(C14:C17) | D18: =SUM(D14:D17) | E18: =SUM(E14:E17) | F18: =SUM(F14:F17)
B20: Table 3: Summary of ISO/IEC 25010 Quality Evaluation (Weighted Means)
B21: Evaluation Criterion | C21: Questions Count | D21: Overall Weighted Mean | E21: Verbal Interpretation | F21: System Acceptability
B22: 1. Functional Suitability | C22: 5 Items (Q1 - Q5) | D22: =AVERAGE('Raw Data & Calculations'!D70:H70) -> 3.653125 | E22: =IF(D22>=3.26, "Strongly Agree", IF(D22>=2.51, "Agree", IF(D22>=1.76, "Disagree", "Strongly Disagree"))) -> Strongly Agree | F22: =IF(D22>=3.26, "Highly Acceptable", IF(D22>=2.51, "Acceptable", IF(D22>=1.76, "Moderately Acceptable", "Not Acceptable"))) -> Highly Acceptable
B23: 2. Usability | C23: 4 Items (Q6 - Q9) | D23: =AVERAGE('Raw Data & Calculations'!I70:L70) -> 3.6484375 | E23: =IF(D23>=3.26, "Strongly Agree", IF(D23>=2.51, "Agree", IF(D23>=1.76, "Disagree", "Strongly Disagree"))) -> Strongly Agree | F23: =IF(D23>=3.26, "Highly Acceptable", IF(D23>=2.51, "Acceptable", IF(D23>=1.76, "Moderately Acceptable", "Not Acceptable"))) -> Highly Acceptable
B24: 3. Reliability | C24: 3 Items (Q10 - Q12) | D24: =AVERAGE('Raw Data & Calculations'!M70:O70) -> 3.640625 | E24: =IF(D24>=3.26, "Strongly Agree", IF(D24>=2.51, "Agree", IF(D24>=1.76, "Disagree", "Strongly Disagree"))) -> Strongly Agree | F24: =IF(D24>=3.26, "Highly Acceptable", IF(D24>=2.51, "Acceptable", IF(D24>=1.76, "Moderately Acceptable", "Not Acceptable"))) -> Highly Acceptable
B25: 4. Performance Efficiency | C25: 3 Items (Q13 - Q15) | D25: =AVERAGE('Raw Data & Calculations'!P70:R70) -> 3.6666667 | E25: =IF(D25>=3.26, "Strongly Agree", IF(D25>=2.51, "Agree", IF(D25>=1.76, "Disagree", "Strongly Disagree"))) -> Strongly Agree | F25: =IF(D25>=3.26, "Highly Acceptable", IF(D25>=2.51, "Acceptable", IF(D25>=1.76, "Moderately Acceptable", "Not Acceptable"))) -> Highly Acceptable
B26: 5. User Satisfaction & SDG 4 | C26: 3 Items (Q16 - Q18) | D26: =AVERAGE('Raw Data & Calculations'!S70:U70) -> 3.640625 | E26: =IF(D26>=3.26, "Strongly Agree", IF(D26>=2.51, "Agree", IF(D26>=1.76, "Disagree", "Strongly Disagree"))) -> Strongly Agree | F26: =IF(D26>=3.26, "Highly Acceptable", IF(D26>=2.51, "Acceptable", IF(D26>=1.76, "Moderately Acceptable", "Not Acceptable"))) -> Highly Acceptable
B27: OVERALL GRAND MEAN | C27: 18 Items Total | D27: =AVERAGE(D22:D26) -> 3.6498958 | E27: =IF(D27>=3.26, "Strongly Agree", IF(D27>=2.51, "Agree", IF(D27>=1.76, "Disagree", "Strongly Disagree"))) -> Strongly Agree | F27: =IF(D27>=3.26, "Highly Acceptable", IF(D27>=2.51, "Acceptable", IF(D27>=1.76, "Moderately Acceptable", "Not Acceptable"))) -> Highly Acceptable

Sheet Raw Data & Calculations
A3: Resp ID | B3: School | C3: Academic Level | D3: Q1 (Search books easily) | E3: Q2 (Real-time availability check) | F3: Q3 (Partner school suggestions) | G3: Q4 (Inter-library borrow request) | H3: Q5 (Access Token generation & approval) | I3: Q6 (Intuitive clean UI navigation) | J3: Q7 (Clear text and readable labels) | K3: Q8 (Mobile & desktop responsiveness) | L3: Q9 (Easy learning curve) | M3: Q10 (Accurate transaction states) | N3: Q11 (Error prevention & validation) | O3: Q12 (Consistent data retrieval) | P3: Q13 (Fast response and loading speed) | Q3: Q14 (Minimal steps to borrow) | R3: Q15 (Optimal database query time) | S3: Q16 (Overall user satisfaction) | T3: Q17 (Solves book resource scarcity) | U3: Q18 (Supports SDG 4 Quality Education)
A4: RESP-001 | B4: Guagua National College (GNC) | C4: College | D4: 4 | E4: 4 | F4: 4 | G4: 4 | H4: 4 | I4: 4 | J4: 3 | K4: 3 | L4: 4 | M4: 4 | N4: 4 | O4: 4 | P4: 4 | Q4: 4 | R4: 3 | S4: 2 | T4: 4 | U4: 4
A5: RESP-002 | B5: Guagua National College (GNC) | C5: College | D5: 4 | E5: 4 | F5: 4 | G5: 4 | H5: 4 | I5: 3 | J5: 2 | K5: 4 | L5: 4 | M5: 4 | N5: 4 | O5: 4 | P5: 3 | Q5: 3 | R5: 2 | S5: 4 | T5: 4 | U5: 4
A6: RESP-003 | B6: Guagua National College (GNC) | C6: College | D6: 4 | E6: 4 | F6: 4 | G6: 3 | H6: 3 | I6: 2 | J6: 4 | K6: 4 | L6: 4 | M6: 4 | N6: 4 | O6: 3 | P6: 3 | Q6: 4 | R6: 4 | S6: 4 | T6: 4 | U6: 4
A7: RESP-004 | B7: Guagua National College (GNC) | C7: College | D7: 4 | E7: 4 | F7: 3 | G7: 3 | H7: 4 | I7: 4 | J7: 4 | K7: 4 | L7: 4 | M7: 4 | N7: 3 | O7: 3 | P7: 4 | Q7: 4 | R7: 4 | S7: 4 | T7: 4 | U7: 3
A8: RESP-005 | B8: Guagua National College (GNC) | C8: College | D8: 4 | E8: 3 | F8: 3 | G8: 4 | H8: 4 | I8: 4 | J8: 4 | K8: 4 | L8: 3 | M8: 3 | N8: 2 | O8: 4 | P8: 4 | Q8: 4 | R8: 4 | S8: 4 | T8: 3 | U8: 3
A9: RESP-006 | B9: Guagua National College (GNC) | C9: College | D9: 3 | E9: 2 | F9: 4 | G9: 4 | H9: 4 | I9: 4 | J9: 4 | K9: 3 | L9: 3 | M9: 4 | N9: 4 | O9: 4 | P9: 4 | Q9: 4 | R9: 4 | S9: 3 | T9: 3 | U9: 4
A10: RESP-007 | B10: Guagua National College (GNC) | C10: College | D10: 4 | E10: 4 | F10: 4 | G10: 4 | H10: 4 | I10: 4 | J10: 3 | K10: 3 | L10: 4 | M10: 4 | N10: 4 | O10: 4 | P10: 4 | Q10: 3 | R10: 3 | S10: 2 | T10: 4 | U10: 4
A11: RESP-008 | B11: Guagua National College (GNC) | C11: College | D11: 4 | E11: 4 | F11: 4 | G11: 4 | H11: 3 | I11: 3 | J11: 2 | K11: 4 | L11: 4 | M11: 4 | N11: 4 | O11: 4 | P11: 3 | Q11: 3 | R11: 4 | S11: 4 | T11: 4 | U11: 4
A12: RESP-009 | B12: Guagua National College (GNC) | C12: College | D12: 4 | E12: 4 | F12: 4 | G12: 3 | H12: 3 | I12: 4 | J12: 4 | K12: 4 | L12: 4 | M12: 4 | N12: 4 | O12: 3 | P12: 3 | Q12: 4 | R12: 4 | S12: 4 | T12: 4 | U12: 4
A13: RESP-010 | B13: Guagua National College (GNC) | C13: College | D13: 4 | E13: 4 | F13: 3 | G13: 3 | H13: 4 | I13: 4 | J13: 4 | K13: 4 | L13: 4 | M13: 3 | N13: 3 | O13: 2 | P13: 4 | Q13: 4 | R13: 4 | S13: 4 | T13: 4 | U13: 3
A14: RESP-011 | B14: Guagua National College (GNC) | C14: Senior High School | D14: 3 | E14: 3 | F14: 2 | G14: 4 | H14: 4 | I14: 4 | J14: 4 | K14: 4 | L14: 3 | M14: 3 | N14: 4 | O14: 4 | P14: 4 | Q14: 4 | R14: 4 | S14: 4 | T14: 3 | U14: 3
A15: RESP-012 | B15: Guagua National College (GNC) | C15: Senior High School | D15: 3 | E15: 4 | F15: 4 | G15: 4 | H15: 4 | I15: 4 | J15: 4 | K15: 3 | L15: 3 | M15: 4 | N15: 4 | O15: 4 | P15: 4 | Q15: 4 | R15: 4 | S15: 3 | T15: 2 | U15: 4
... A67: RESP-064 | B67: Santa Rita College (SRC) | C67: Librarian / Staff | D67: 3 | E67: 3 | F67: 2 | G67: 4 | H67: 4 | I67: 4 | J67: 4 | K67: 4 | L67: 3 | M67: 3 | N67: 4 | O67: 4 | P67: 4 | Q67: 4 | R67: 4 | S67: 4 | T67: 3 | U67: 3
A70: WEIGHTED MEAN | D70: =AVERAGE(D4:D67) -> 3.671875 | E70: =AVERAGE(E4:E67) -> 3.640625 | F70: =AVERAGE(F4:F67) -> 3.625 | G70: =AVERAGE(G4:G67) -> 3.65625 | H70: =AVERAGE(H4:H67) -> 3.671875 | I70: =AVERAGE(I4:I67) -> 3.671875 | J70: =AVERAGE(J4:J67) -> 3.609375 | K70: =AVERAGE(K4:K67) -> 3.65625 | ... U70: =AVERAGE(U4:U67) -> 3.640625
A71: INTERPRETATION | D71: =IF(D70>=3.26,"Strongly Agree",IF(D70>=2.51,"Agree",IF(D70>=1.76,"Disagree","Strongly Disagree"))) -> Strongly Agree | E71: =IF(E70>=3.26,"Strongly Agree",IF(E70>=2.51,"Agree",IF(E70>=1.76,"Disagree","Strongly Disagree"))) -> Strongly Agree | F71: =IF(F70>=3.26,"Strongly Agree",IF(F70>=2.51,"Agree",IF(F70>=1.76,"Disagree","Strongly Disagree"))) -> Strongly Agree | G71: =IF(G70>=3.26,"Strongly Agree",IF(G70>=2.51,"Agree",IF(G70>=1.76,"Disagree","Strongly Disagree"))) -> Strongly Agree | H71: =IF(H70>=3.26,"Strongly Agree",IF(H70>=2.51,"Agree",IF(H70>=1.76,"Disagree","Strongly Disagree"))) -> Strongly Agree | I71: =IF(I70>=3.26,"Strongly Agree",IF(I70>=2.51,"Agree",IF(I70>=1.76,"Disagree","Strongly Disagree"))) -> Strongly Agree | J71: =IF(J70>=3.26,"Strongly Agree",IF(J70>=2.51,"Agree",IF(J70>=1.76,"Disagree","Strongly Disagree"))) -> Strongly Agree | K71: =IF(K70>=3.26,"Strongly Agree",IF(K70>=2.51,"Agree",IF(K70>=1.76,"Disagree","Strongly Disagree"))) -> Strongly Agree | ... U71: =IF(U70>=3.26,"Strongly Agree",IF(U70>=2.51,"Agree",IF(U70>=1.76,"Disagree","Strongly Disagree"))) -> Strongly Agree
